{"resourceType":"SearchParameter","id":"jp-core-coverage-beneficiary","url":"http://jpfhir.jp/fhir/core/SearchParameter/StructureDefinition/jp-core-coverage-beneficiary","version":"1.0.0","name":"JPCorecoverageBeneficiary","status":"active","experimental":false,"date":"2021-12-01","publisher":"HL7 FHIR 日本実装検討WG","contact":[{"name":"HL7 FHIR 日本実装検討WG","telecom":[{"system":"url","value":"https://jpfhir.jp/"}]}],"description":"Coverageリソースのbeneficiaryに関する検索を定義します。","code":"beneficiary","base":["Coverage"],"type":"reference","expression":"Coverage.beneficiary","xpath":"f:Coverage/f:beneficiary","xpathUsage":"normal","target":["Patient"],"multipleOr":true,"_multipleOr":{"extension":[{"url":"http://hl7.org/fhir/StructureDefinition/capabilitystatement-expectation","valueCode":"MAY"}]},"multipleAnd":true,"_multipleAnd":{"extension":[{"url":"http://hl7.org/fhir/StructureDefinition/capabilitystatement-expectation","valueCode":"MAY"}]},"modifier":["missing","type","identifier"],"_modifier":[{"extension":[{"url":"http://hl7.org/fhir/StructureDefinition/capabilitystatement-expectation","valueCode":"MAY"}]},{"extension":[{"url":"http://hl7.org/fhir/StructureDefinition/capabilitystatement-expectation","valueCode":"MAY"}]},{"extension":[{"url":"http://hl7.org/fhir/StructureDefinition/capabilitystatement-expectation","valueCode":"MAY"}]}]}