{"resourceType":"SearchParameter","id":"jp-core-imagingstudy-encounter","url":"http://jpfhir.jp/fhir/core/SearchParameter/StructureDefinition/jp-core-imagingstudy-encounter","version":"1.0.0","name":"JPCoreImagingStudyEncounter","status":"active","experimental":false,"date":"2021-12-01","publisher":"HL7 FHIR 日本実装検討WG","contact":[{"name":"HL7 FHIR 日本実装検討WG","telecom":[{"system":"url","value":"https://jpfhir.jp/"}]}],"description":"ImagingStudyリソースのEncounter(来院・入院)に関する検索を定義します。","code":"encounter","base":["ImagingStudy"],"type":"reference","expression":"ImagingStudy.encounter","xpath":"f:ImagingStudy/f:context","xpathUsage":"normal","target":["Encounter"],"multipleOr":true,"_multipleOr":{"extension":[{"url":"http://hl7.org/fhir/StructureDefinition/capabilitystatement-expectation","valueCode":"MAY"}]},"multipleAnd":true,"_multipleAnd":{"extension":[{"url":"http://hl7.org/fhir/StructureDefinition/capabilitystatement-expectation","valueCode":"MAY"}]},"modifier":["missing","type","identifier"],"_modifier":[{"extension":[{"url":"http://hl7.org/fhir/StructureDefinition/capabilitystatement-expectation","valueCode":"MAY"}]},{"extension":[{"url":"http://hl7.org/fhir/StructureDefinition/capabilitystatement-expectation","valueCode":"MAY"}]},{"extension":[{"url":"http://hl7.org/fhir/StructureDefinition/capabilitystatement-expectation","valueCode":"MAY"}]}]}