{"resourceType":"SearchParameter","id":"jp-core-observation-encounter","url":"http://jpfhir.jp/fhir/core/SearchParameter/StructureDefinition/jp-core-observation-encounter","version":"1.0.0","name":"JPCoreObservationEncounter","status":"active","experimental":false,"date":"2021-12-01","publisher":"HL7 FHIR 日本実装検討WG","contact":[{"name":"HL7 FHIR 日本実装検討WG","telecom":[{"system":"url","value":"https://jpfhir.jp/"}]}],"description":"ObservationリソースのEncounter(来院・入院)に関する検索を定義します。","code":"encounter","base":["Observation"],"type":"reference","expression":"Observation.encounter","xpath":"f:Observation/f:context","xpathUsage":"normal","target":["Encounter"],"multipleOr":true,"_multipleOr":{"extension":[{"url":"http://hl7.org/fhir/StructureDefinition/capabilitystatement-expectation","valueCode":"MAY"}]},"multipleAnd":true,"_multipleAnd":{"extension":[{"url":"http://hl7.org/fhir/StructureDefinition/capabilitystatement-expectation","valueCode":"MAY"}]},"modifier":["missing","type","identifier"],"_modifier":[{"extension":[{"url":"http://hl7.org/fhir/StructureDefinition/capabilitystatement-expectation","valueCode":"MAY"}]},{"extension":[{"url":"http://hl7.org/fhir/StructureDefinition/capabilitystatement-expectation","valueCode":"MAY"}]},{"extension":[{"url":"http://hl7.org/fhir/StructureDefinition/capabilitystatement-expectation","valueCode":"MAY"}]}]}