{"resourceType":"SearchParameter","id":"jp-core-organization-identifier","url":"http://jpfhir.jp/fhir/core/SearchParameter/StructureDefinition/jp-core-organization-identifier","version":"1.0.0","name":"JPCoreOrganizationIdentifier","status":"active","experimental":false,"date":"2021-12-01","publisher":"HL7 FHIR 日本実装検討WG","contact":[{"name":"HL7 FHIR 日本実装検討WG","telecom":[{"system":"url","value":"https://jpfhir.jp/"}]}],"description":"Organizationリソースのidentifierに関する検索を定義します。","code":"identifier","base":["Organization"],"type":"token","expression":"Organization.identifier","xpath":"f:Organization/f:identifier","xpathUsage":"normal","multipleOr":true,"_multipleOr":{"extension":[{"url":"http://hl7.org/fhir/StructureDefinition/capabilitystatement-expectation","valueCode":"MAY"}]},"multipleAnd":true,"_multipleAnd":{"extension":[{"url":"http://hl7.org/fhir/StructureDefinition/capabilitystatement-expectation","valueCode":"MAY"}]},"modifier":["missing","text","not","in","not-in","below","above","ofType"],"_modifier":[{"extension":[{"url":"http://hl7.org/fhir/StructureDefinition/capabilitystatement-expectation","valueCode":"MAY"}]},{"extension":[{"url":"http://hl7.org/fhir/StructureDefinition/capabilitystatement-expectation","valueCode":"MAY"}]},{"extension":[{"url":"http://hl7.org/fhir/StructureDefinition/capabilitystatement-expectation","valueCode":"MAY"}]},{"extension":[{"url":"http://hl7.org/fhir/StructureDefinition/capabilitystatement-expectation","valueCode":"MAY"}]},{"extension":[{"url":"http://hl7.org/fhir/StructureDefinition/capabilitystatement-expectation","valueCode":"MAY"}]},{"extension":[{"url":"http://hl7.org/fhir/StructureDefinition/capabilitystatement-expectation","valueCode":"MAY"}]},{"extension":[{"url":"http://hl7.org/fhir/StructureDefinition/capabilitystatement-expectation","valueCode":"MAY"}]},{"extension":[{"url":"http://hl7.org/fhir/StructureDefinition/capabilitystatement-expectation","valueCode":"MAY"}]}]}