{"resourceType":"SearchParameter","id":"jp-core-medicationrequest-authoredon","url":"http://jpfhir.jp/fhir/core/SearchParameter/StructureDefinition/jp-core-medicationrequest-authoredon","version":"1.0.0","name":"JPCoreMedicationrequestAuthoredon","status":"active","experimental":false,"date":"2021-12-01","publisher":"HL7 FHIR 日本実装検討WG","contact":[{"name":"HL7 FHIR 日本実装検討WG","telecom":[{"system":"url","value":"https://jpfhir.jp/"}]}],"description":"MedicationRequestリソースのAuthoredOn(処方指示日時)に関する検索を定義します。","code":"authoredon","base":["MedicationRequest"],"type":"date","expression":"MedicationRequest.authoredOn","xpath":"f:MedicationRequest/f:authoredOn","xpathUsage":"normal","multipleOr":true,"_multipleOr":{"extension":[{"url":"http://hl7.org/fhir/StructureDefinition/capabilitystatement-expectation","valueCode":"MAY"}]},"multipleAnd":true,"_multipleAnd":{"extension":[{"url":"http://hl7.org/fhir/StructureDefinition/capabilitystatement-expectation","valueCode":"SHOULD"}]},"comparator":["eq","ne","gt","lt","le","sa","eb","ap"],"_comparator":[{"extension":[{"url":"http://hl7.org/fhir/StructureDefinition/capabilitystatement-expectation","valueCode":"MAY"}]},{"extension":[{"url":"http://hl7.org/fhir/StructureDefinition/capabilitystatement-expectation","valueCode":"MAY"}]},{"extension":[{"url":"http://hl7.org/fhir/StructureDefinition/capabilitystatement-expectation","valueCode":"SHALL"}]},{"extension":[{"url":"http://hl7.org/fhir/StructureDefinition/capabilitystatement-expectation","valueCode":"SHALL"}]},{"extension":[{"url":"http://hl7.org/fhir/StructureDefinition/capabilitystatement-expectation","valueCode":"SHALL"}]},{"extension":[{"url":"http://hl7.org/fhir/StructureDefinition/capabilitystatement-expectation","valueCode":"MAY"}]},{"extension":[{"url":"http://hl7.org/fhir/StructureDefinition/capabilitystatement-expectation","valueCode":"MAY"}]},{"extension":[{"url":"http://hl7.org/fhir/StructureDefinition/capabilitystatement-expectation","valueCode":"MAY"}]}],"modifier":["missing"],"_modifier":[{"extension":[{"url":"http://hl7.org/fhir/StructureDefinition/capabilitystatement-expectation","valueCode":"MAY"}]}]}