{"resourceType":"SearchParameter","id":"jp-core-observation-servicerequest","url":"http://jpfhir.jp/fhir/core/SearchParameter/StructureDefinition/jp-core-observation-servicerequest","version":"1.0.0","name":"JPCoreObservationServiceRequest","status":"active","experimental":false,"date":"2021-12-01","publisher":"HL7 FHIR 日本実装検討WG","contact":[{"name":"HL7 FHIR 日本実装検討WG","telecom":[{"system":"url","value":"https://jpfhir.jp/"}]}],"description":"Observationリソースのservicerequest(検査依頼診療科)に関する検索を定義します。","code":"servicerequest","base":["Observation"],"type":"reference","expression":"Observation.based-on.where(resolve() is ServiceRequest)","xpath":"f:Observation/f:based-on","xpathUsage":"normal","target":["Patient","Group"],"multipleOr":true,"_multipleOr":{"extension":[{"url":"http://hl7.org/fhir/StructureDefinition/capabilitystatement-expectation","valueCode":"MAY"}]},"multipleAnd":true,"_multipleAnd":{"extension":[{"url":"http://hl7.org/fhir/StructureDefinition/capabilitystatement-expectation","valueCode":"MAY"}]},"modifier":["missing","type","identifier"],"_modifier":[{"extension":[{"url":"http://hl7.org/fhir/StructureDefinition/capabilitystatement-expectation","valueCode":"MAY"}]},{"extension":[{"url":"http://hl7.org/fhir/StructureDefinition/capabilitystatement-expectation","valueCode":"MAY"}]},{"extension":[{"url":"http://hl7.org/fhir/StructureDefinition/capabilitystatement-expectation","valueCode":"MAY"}]}]}