{"resourceType":"SearchParameter","id":"jp-core-condition-patient","url":"http://jpfhir.jp/fhir/core/SearchParameter/StructureDefinition/jp-core-condition-patient","version":"1.0.0","name":"JPCoreConditionPatient","status":"active","experimental":false,"date":"2021-12-01","publisher":"HL7 FHIR 日本実装検討WG","contact":[{"name":"HL7 FHIR 日本実装検討WG","telecom":[{"system":"url","value":"https://jpfhir.jp/"}]}],"description":"ConditionリソースのPatient(患者)に関する検索を定義します。","code":"patient","base":["Condition"],"type":"reference","expression":"Condition.subject.where(resolve() is Patient)","xpath":"f:Condition/f:subject","xpathUsage":"normal","target":["Patient","Group"],"multipleOr":true,"_multipleOr":{"extension":[{"url":"http://hl7.org/fhir/StructureDefinition/capabilitystatement-expectation","valueCode":"MAY"}]},"multipleAnd":true,"_multipleAnd":{"extension":[{"url":"http://hl7.org/fhir/StructureDefinition/capabilitystatement-expectation","valueCode":"MAY"}]},"modifier":["missing","type","identifier"],"_modifier":[{"extension":[{"url":"http://hl7.org/fhir/StructureDefinition/capabilitystatement-expectation","valueCode":"MAY"}]},{"extension":[{"url":"http://hl7.org/fhir/StructureDefinition/capabilitystatement-expectation","valueCode":"MAY"}]},{"extension":[{"url":"http://hl7.org/fhir/StructureDefinition/capabilitystatement-expectation","valueCode":"MAY"}]}]}