{"resourceType":"SearchParameter","id":"jp-core-practitionerrole-practitioner","url":"http://jpfhir.jp/fhir/core/SearchParameter/StructureDefinition/jp-core-practitionerrole-practitioner","version":"1.0.0","name":"JPCorePractitionerrolePractitioner","status":"active","experimental":false,"date":"2021-12-01","publisher":"HL7 FHIR 日本実装検討WG","contact":[{"name":"HL7 FHIR 日本実装検討WG","telecom":[{"system":"url","value":"https://jpfhir.jp/"}]}],"description":"practitionerroleリソースのpractitionerに関する検索を定義します。","code":"practitioner","base":["PractitionerRole"],"type":"reference","expression":"PractitionerRole.practitioner","xpath":"f:PractitionerRole/f:practitioner","xpathUsage":"normal","target":["Practitioner"],"multipleOr":true,"_multipleOr":{"extension":[{"url":"http://hl7.org/fhir/StructureDefinition/capabilitystatement-expectation","valueCode":"MAY"}]},"multipleAnd":true,"_multipleAnd":{"extension":[{"url":"http://hl7.org/fhir/StructureDefinition/capabilitystatement-expectation","valueCode":"MAY"}]},"modifier":["missing","type","identifier"],"_modifier":[{"extension":[{"url":"http://hl7.org/fhir/StructureDefinition/capabilitystatement-expectation","valueCode":"MAY"}]},{"extension":[{"url":"http://hl7.org/fhir/StructureDefinition/capabilitystatement-expectation","valueCode":"MAY"}]},{"extension":[{"url":"http://hl7.org/fhir/StructureDefinition/capabilitystatement-expectation","valueCode":"MAY"}]}],"chain":["identifier","name"],"_chain":[{"extension":[{"url":"http://hl7.org/fhir/StructureDefinition/capabilitystatement-expectation","valueCode":"SHALL"}]},{"extension":[{"url":"http://hl7.org/fhir/StructureDefinition/capabilitystatement-expectation","valueCode":"SHALL"}]}]}