{"resourceType":"SearchParameter","id":"jp-core-observation-code","url":"http://jpfhir.jp/fhir/core/SearchParameter/StructureDefinition/jp-core-observation-code","version":"1.0.0","name":"JPCoreObservationCode","status":"active","experimental":false,"date":"2021-12-01","publisher":"HL7 FHIR 日本実装検討WG","contact":[{"name":"HL7 FHIR 日本実装検討WG","telecom":[{"system":"url","value":"https://jpfhir.jp/"}]}],"description":"ObservationリソースのCode(検査項目コード)に関する検索を定義します。","code":"code","base":["Observation"],"type":"token","expression":"Observation.code","xpath":"f:Observation/f:code","xpathUsage":"normal","multipleOr":true,"_multipleOr":{"extension":[{"url":"http://hl7.org/fhir/StructureDefinition/capabilitystatement-expectation","valueCode":"SHOULD"}]},"multipleAnd":true,"_multipleAnd":{"extension":[{"url":"http://hl7.org/fhir/StructureDefinition/capabilitystatement-expectation","valueCode":"MAY"}]},"modifier":["missing","text","not","in","not-in","below","above","ofType"],"_modifier":[{"extension":[{"url":"http://hl7.org/fhir/StructureDefinition/capabilitystatement-expectation","valueCode":"MAY"}]},{"extension":[{"url":"http://hl7.org/fhir/StructureDefinition/capabilitystatement-expectation","valueCode":"MAY"}]},{"extension":[{"url":"http://hl7.org/fhir/StructureDefinition/capabilitystatement-expectation","valueCode":"MAY"}]},{"extension":[{"url":"http://hl7.org/fhir/StructureDefinition/capabilitystatement-expectation","valueCode":"MAY"}]},{"extension":[{"url":"http://hl7.org/fhir/StructureDefinition/capabilitystatement-expectation","valueCode":"MAY"}]},{"extension":[{"url":"http://hl7.org/fhir/StructureDefinition/capabilitystatement-expectation","valueCode":"MAY"}]},{"extension":[{"url":"http://hl7.org/fhir/StructureDefinition/capabilitystatement-expectation","valueCode":"MAY"}]},{"extension":[{"url":"http://hl7.org/fhir/StructureDefinition/capabilitystatement-expectation","valueCode":"MAY"}]}]}