"Path","Slice Name","Alias(s)","Label","Min","Max","Must Support?","Is Modifier?","Is Summary?","Type(s)","Short","Definition","Comments","Requirements","Default Value","Meaning When Missing","Fixed Value","Pattern","Example","Minimum Value","Maximum Value","Maximum Length","Binding Strength","Binding Description","Binding Value Set","Code","Slicing Discriminator","Slicing Description","Slicing Ordered","Slicing Rules","Base Path","Base Min","Base Max","Condition(s)","Constraint(s)","Mapping: Workflow Pattern","Mapping: HL7 v2 Mapping","Mapping: RIM Mapping","Mapping: FiveWs Pattern Mapping","Mapping: CDA (R2)"
"Immunization","","","",0,*,"","","","","実施された予防接種についての記録。","予防接種として実施された記録。ワクチン接種についてのオーダーはMedicationRequestが利用され、注射としての実施記録はMedicationAdministrationで表現される。","","","","","","","","","",,,,,"",,,,"Immunization",0,*,"","dom-2:If the resource is contained in another resource, it SHALL NOT contain nested Resources {contained.contained.empty()}
dom-3:If the resource is contained in another resource, it SHALL be referred to from elsewhere in the resource or SHALL refer to the containing resource {contained.where((('#'+id in (%resource.descendants().reference | %resource.descendants().as(canonical) | %resource.descendants().as(uri) | %resource.descendants().as(url))) or descendants().where(reference = '#').exists() or descendants().where(as(canonical) = '#').exists() or descendants().where(as(canonical) = '#').exists()).not()).trace('unmatched', id).empty()}dom-4:If a resource is contained in another resource, it SHALL NOT have a meta.versionId or a meta.lastUpdated {contained.meta.versionId.empty() and contained.meta.lastUpdated.empty()}dom-5:If a resource is contained in another resource, it SHALL NOT have a security label {contained.meta.security.empty()}dom-6:A resource should have narrative for robust management {text.`div`.exists()}","Event","VXU_V04","Entity. Role, or Act","SubstanceAdministration"
"Immunization.id","","","",0,1,"","","Y","string {[]} {[]}
","Logical id of this artifact","The logical id of the resource, as used in the URL for the resource. Once assigned, this value never changes.","The only time that a resource does not have an id is when it is being submitted to the server using a create operation.","","","","","","","","",,,,,"",,,,"Resource.id",0,1,"",""
"Immunization.meta","","","",0,1,"","","Y","Meta {[]} {[]}
","Metadata about the resource","The metadata about the resource. This is content that is maintained by the infrastructure. Changes to the content might not always be associated with version changes to the resource.","","","","","","","","","",,,,,"",,,,"Resource.meta",0,1,"","ele-1:All FHIR elements must have a @value or children {hasValue() or (children().count() > id.count())}
"
"Immunization.implicitRules","","","",0,1,"","Y","Y","uri {[]} {[]}
","A set of rules under which this content was created","A reference to a set of rules that were followed when the resource was constructed, and which must be understood when processing the content. Often, this is a reference to an implementation guide that defines the special rules along with other profiles etc.","Asserting this rule set restricts the content to be only understood by a limited set of trading partners. This inherently limits the usefulness of the data in the long term. However, the existing health eco-system is highly fractured, and not yet ready to define, collect, and exchange data in a generally computable sense. Wherever possible, implementers and/or specification writers should avoid using this element. Often, when used, the URL is a reference to an implementation guide that defines these special rules as part of it's narrative along with other profiles, value sets, etc.","","","","","","","","",,,,,"",,,,"Resource.implicitRules",0,1,"","ele-1:All FHIR elements must have a @value or children {hasValue() or (children().count() > id.count())}
"
"Immunization.language","","","",0,1,"","","","code {[]} {[]}
","Language of the resource content","The base language in which the resource is written.","Language is provided to support indexing and accessibility (typically, services such as text to speech use the language tag). The html language tag in the narrative applies  to the narrative. The language tag on the resource may be used to specify the language of other presentations generated from the data in the resource. Not all the content has to be in the base language. The Resource.language should not be assumed to apply to the narrative automatically. If a language is specified, it should it also be specified on the div element in the html (see rules in HTML5 for information about the relationship between xml:lang and the html lang attribute).","","","","","","","","",,"preferred","A human language.","http://hl7.org/fhir/ValueSet/languages","",,,,"Resource.language",0,1,"","ele-1:All FHIR elements must have a @value or children {hasValue() or (children().count() > id.count())}
"
"Immunization.text","","narrative
htmlxhtmldisplay","",0,1,"","","","Narrative {[]} {[]}
","Text summary of the resource, for human interpretation","A human-readable narrative that contains a summary of the resource and can be used to represent the content of the resource to a human. The narrative need not encode all the structured data, but is required to contain sufficient detail to make it ""clinically safe"" for a human to just read the narrative. Resource definitions may define what content should be represented in the narrative to ensure clinical safety.","Contained resources do not have narrative. Resources that are not contained SHOULD have a narrative. In some cases, a resource may only have text with little or no additional discrete data (as long as all minOccurs=1 elements are satisfied).  This may be necessary for data from legacy systems where information is captured as a ""text blob"" or where text is additionally entered raw or narrated and encoded information is added later.","","","","","","","","",,,,,"",,,,"DomainResource.text",0,1,"","ele-1:All FHIR elements must have a @value or children {hasValue() or (children().count() > id.count())}
","Act.text?"
"Immunization.contained","","inline resources
anonymous resourcescontained resources","",0,*,"","","","Resource {[]} {[]}
","Contained, inline Resources","These resources do not have an independent existence apart from the resource that contains them - they cannot be identified independently, and nor can they have their own independent transaction scope.","This should never be done when the content can be identified properly, as once identification is lost, it is extremely difficult (and context dependent) to restore it again. Contained resources may have profiles and tags In their meta elements, but SHALL NOT have security labels.","","","","","","","","",,,,,"",,,,"DomainResource.contained",0,*,"","","N/A"
"Immunization.extension","","extensions
user content","",0,*,"","","","Extension {[]} {[]}
","Additional content defined by implementations","May be used to represent additional information that is not part of the basic definition of the resource. To make the use of extensions safe and manageable, there is a strict set of governance  applied to the definition and use of extensions. Though any implementer can define an extension, there is a set of requirements that SHALL be met as part of the definition of the extension.","There can be no stigma associated with the use of extensions by any application, project, or standard - regardless of the institution or jurisdiction that uses or defines the extensions.  The use of extensions is what allows the FHIR specification to retain a core level of simplicity for everyone.","","","","","","","","",,,,,"",,,,"DomainResource.extension",0,*,"","ele-1:All FHIR elements must have a @value or children {hasValue() or (children().count() > id.count())}
ext-1:Must have either extensions or value[x], not both {extension.exists() != value.exists()}","N/A"
"Immunization.modifierExtension","","extensions
user content","",0,*,"","Y","","Extension {[]} {[]}
","Extensions that cannot be ignored","May be used to represent additional information that is not part of the basic definition of the resource and that modifies the understanding of the element that contains it and/or the understanding of the containing element's descendants. Usually modifier elements provide negation or qualification. To make the use of extensions safe and manageable, there is a strict set of governance applied to the definition and use of extensions. Though any implementer is allowed to define an extension, there is a set of requirements that SHALL be met as part of the definition of the extension. Applications processing a resource are required to check for modifier extensions.

Modifier extensions SHALL NOT change the meaning of any elements on Resource or DomainResource (including cannot change the meaning of modifierExtension itself).","There can be no stigma associated with the use of extensions by any application, project, or standard - regardless of the institution or jurisdiction that uses or defines the extensions.  The use of extensions is what allows the FHIR specification to retain a core level of simplicity for everyone.","Modifier extensions allow for extensions that *cannot* be safely ignored to be clearly distinguished from the vast majority of extensions which can be safely ignored.  This promotes interoperability by eliminating the need for implementers to prohibit the presence of extensions. For further information, see the [definition of modifier extensions](http://hl7.org/fhir/R4/extensibility.html#modifierExtension).","","","","","","","",,,,,"",,,,"DomainResource.modifierExtension",0,*,"","ele-1:All FHIR elements must have a @value or children {hasValue() or (children().count() > id.count())}
ext-1:Must have either extensions or value[x], not both {extension.exists() != value.exists()}","N/A"
"Immunization.identifier","","","",0,*,"","","","Identifier {[]} {[]}
","Business identifier","このインスタンスが外部から参照されるために使われるIDであるの業務手順のIDは実施者によって割り当てられたものであり、リソースが更新されたりサーバからサーバに転送されたとしても固定のものとして存続する。","これは業務IDであって、リソースに対するIDではない。","","","","","","","","",,,,,"",,,,"Immunization.identifier",0,*,"","ele-1:All FHIR elements must have a @value or children {hasValue() or (children().count() > id.count())}
","Event.identifier",".id","FiveWs.identifier","ClinicalDocument/component/StructuredBody/component/section/entry/substanceAdministration/id"
"Immunization.status","","","",1,1,"","Y","Y","code {[]} {[]}
","completed | entered-in-error | not-done","予防接種記録の現在の状態を示すコード","Will generally be set to show that the immunization has been completed or not done.  This element is labeled as a modifier because the status contains codes that mark the resource as not currently valid.","","","","","","","","",,"required","A set of codes indicating the current status of an Immunization.","http://hl7.org/fhir/ValueSet/immunization-status|4.0.1","",,,,"Immunization.status",1,1,"","ele-1:All FHIR elements must have a @value or children {hasValue() or (children().count() > id.count())}
","Event.status","statusCode","FiveWs.status"
"Immunization.statusReason","","","",0,1,"","","","CodeableConcept {[]} {[]}
","Reason not done","予防接種が実施されなかった理由を示す。","This is generally only used for the status of ""not-done"". The reason for performing the immunization event is captured in reasonCode, not here.","","","","","","","","",,"example","The reason why a vaccine was not administered.","http://hl7.org/fhir/ValueSet/immunization-status-reason","",,,,"Immunization.statusReason",0,1,"","ele-1:All FHIR elements must have a @value or children {hasValue() or (children().count() > id.count())}
","Event.statusReason",".inboundRelationship[typeCode=SUBJ].source[classCode=CACT, moodCode=EVN].reasonCOde"
"Immunization.vaccineCode","","","",1,1,"","","Y","CodeableConcept {[]} {[]}
","接種されたワクチン製剤","接種されたあるいは接種予定のワクチン。","","","","","","","","","",,"example","The code for vaccine product administered.","http://hl7.org/fhir/ValueSet/vaccine-code","",,,,"Immunization.vaccineCode",1,1,"","ele-1:All FHIR elements must have a @value or children {hasValue() or (children().count() > id.count())}
","Event.code","RXA-5",".code","FiveWs.what[x]","ClinicalDocument/component/StructuredBody/component/section/entry/substanceAdministration/consumable/manfacturedProduct/manufacturedMaterial/realmCode/code"
"Immunization.patient","","","",1,1,"","","Y","Reference {[]} {[CanonicalType[http://hl7.org/fhir/StructureDefinition/Patient]]}
","予防接種を受けた者。","予防接種を受けた，あるいは受けなかった患者。","","","","","","","","","",,,,,"",,,,"Immunization.patient",1,1,"","ele-1:All FHIR elements must have a @value or children {hasValue() or (children().count() > id.count())}
","Event.subject","PID-3",".partipication[ttypeCode=].role","FiveWs.subject[x]","FiveWs.subject"
"Immunization.encounter","","","",0,1,"","","","Reference {[]} {[CanonicalType[http://hl7.org/fhir/StructureDefinition/Encounter]]}
","予防接種を受けた診察。","患者が医療従事者から予防接種を受けた外来，入院あるいは他の対面の状態を表す。","","","","","","","","","",,,,,"",,,,"Immunization.encounter",0,1,"","ele-1:All FHIR elements must have a @value or children {hasValue() or (children().count() > id.count())}
","Event.context","PV1-19","component->EncounterEvent","FiveWs.context"
"Immunization.occurrence[x]","","","",1,1,"","","Y","dateTime {[]} {[]}
string {[]} {[]}","ワクチン接種日。","ワクチンを接種した日あるいは接種予定だった日。","When immunizations are given a specific date and time should always be known.   When immunizations are patient reported, a specific date might not be known.  Although partial dates are allowed, an adult patient might not be able to recall the year a childhood immunization was given. An exact date is always preferable, but the use of the String data type is acceptable when an exact date is not known. A small number of vaccines (e.g. live oral typhoid vaccine) are given as a series of patient self-administered dose over a span of time. In cases like this, often, only the first dose (typically a provider supervised dose) is recorded with the occurrence indicating the date/time of the first dose.","","","","","","","","",,,,,"",,,,"Immunization.occurrence[x]",1,1,"","ele-1:All FHIR elements must have a @value or children {hasValue() or (children().count() > id.count())}
","Event.occurrence[x]","RXA-3",".effectiveTime","FiveWs.done[x]","ClinicalDocument/component/StructuredBody/component/section/entry/substanceAdministration/effectiveTime/value"
"Immunization.recorded","","","",0,1,"","","","dateTime {[]} {[]}
","予防接種を受けた対象者の記録として最初に記載された日。","予防接種機会の日が最初に記録された日。このイベントが起こった後で重要となりうる。","","","","","","","","","",,,,,"",,,,"Immunization.recorded",0,1,"","ele-1:All FHIR elements must have a @value or children {hasValue() or (children().count() > id.count())}
",".participation[typeCode=AUT].time","FiveWs.recorded"
"Immunization.primarySource","","","",0,1,"","","Y","boolean {[]} {[]}
","データが記録された文脈を示す。","この記録の内容がワクチンを摂取した人からの情報であることを示す。どのデータが原本として記録されたものであるかという文脈を反映している。","Reflects the “reliability” of the content.","","","","","","","","",,,,,"",,,,"Immunization.primarySource",0,1,"","ele-1:All FHIR elements must have a @value or children {hasValue() or (children().count() > id.count())}
","RXA-9","immunization.uncertaintycode (if primary source=false, uncertainty=U)","FiveWs.source"
"Immunization.reportOrigin","","","",0,1,"","","","CodeableConcept {[]} {[]}
","二次的に報告された記録の発生源を示す。","予防接種を実施した時に，ワクチンを接種した人以外からの報告からの情報である場合のデータの発生源。","Should not be populated if primarySource = True, not required even if primarySource = False.","","","","","","","","",,"example","The source of the data for a record which is not from a primary source.","http://hl7.org/fhir/ValueSet/immunization-origin","",,,,"Immunization.reportOrigin",0,1,"","ele-1:All FHIR elements must have a @value or children {hasValue() or (children().count() > id.count())}
","RXA-9",".participation[typeCode=INF].role[classCode=PAT] (this syntax for self-reported) .participation[typeCode=INF].role[classCode=LIC] (this syntax for health care professional) .participation[typeCode=INF].role[classCode=PRS] (this syntax for family member)","FiveWs.source"
"Immunization.location","","","",0,1,"","","","Reference {[]} {[CanonicalType[http://hl7.org/fhir/StructureDefinition/Location]]}
","ワクチンを接種した場所","接種医療機関。ワクチン接種がどこで実施されたかを表す。サービスが提供された場所。接種を受けた身体部位ではない。","","","","","","","","","",,,,,"",,,,"Immunization.location",0,1,"","ele-1:All FHIR elements must have a @value or children {hasValue() or (children().count() > id.count())}
","Event.location","RXA-27  (or RXA-11, deprecated as of v2.7)",".participation[typeCode=LOC].COCT_MT240000UV","FiveWs.where[x]"
"Immunization.manufacturer","","","",0,1,"","","","Reference {[]} {[CanonicalType[http://hl7.org/fhir/StructureDefinition/Organization]]}
","ワクチンメーカー","ワクチメーカーの名前。","","","","","","","","","",,,,,"",,,,"Immunization.manufacturer",0,1,"","ele-1:All FHIR elements must have a @value or children {hasValue() or (children().count() > id.count())}
","RXA-17",".participation[typeCode=CSM].role[classCode=INST].scopedRole.scoper[classCode=ORG]","ClinicalDocument/component/StructuredBody/component/section/entry/substanceAdministration/consumable/manfacturedProduct/manufacuturerOrganization/name"
"Immunization.lotNumber","","","",0,1,"","","","string {[]} {[]}
","ワクチンのロット番号","Lot number of the  vaccine product.","","","","","","","","","",,,,,"",,,,"Immunization.lotNumber",0,1,"","ele-1:All FHIR elements must have a @value or children {hasValue() or (children().count() > id.count())}
","RXA-15",".participation[typeCode=CSM].role[classCode=INST].scopedRole.scoper[classCode=MMAT].id","ClinicalDocument/component/StructuredBody/component/section/entry/substanceAdministration/consumable/manfacturedProduct/manufacturedMaterial/lotNumberText"
"Immunization.expirationDate","","","",0,1,"","","","date {[]} {[]}
","Vaccine expiration date","Date vaccine batch expires.","","","","","","","","","",,,,,"",,,,"Immunization.expirationDate",0,1,"","ele-1:All FHIR elements must have a @value or children {hasValue() or (children().count() > id.count())}
","RXA-16",".participation[typeCode=CSM].role[classCode=INST].scopedRole.scoper[classCode=MMAT].expirationTime"
"Immunization.site","","","",0,1,"","","","CodeableConcept {[]} {[]}
","Body site vaccine  was administered","Body site where vaccine was administered.","","","","","","","","","",,"example","The site at which the vaccine was administered.","http://hl7.org/fhir/ValueSet/immunization-site","",,,,"Immunization.site",0,1,"","ele-1:All FHIR elements must have a @value or children {hasValue() or (children().count() > id.count())}
","RXR-2","observation.targetSiteCode","ClinicalDocument/component/StructuredBody/component/section/entry/substanceAdministration/approachSiteCode/code"
"Immunization.route","","","",0,1,"","","","CodeableConcept {[]} {[]}
","How vaccine entered body","The path by which the vaccine product is taken into the body.","","","","","","","","","",,"example","The route by which the vaccine was administered.","http://hl7.org/fhir/ValueSet/immunization-route","",,,,"Immunization.route",0,1,"","ele-1:All FHIR elements must have a @value or children {hasValue() or (children().count() > id.count())}
","RXR-1",".routeCode","ClinicalDocument/component/StructuredBody/component/section/entry/substanceAdministration/routeCode/code"
"Immunization.doseQuantity","","","",0,1,"","","","Quantity {[CanonicalType[http://hl7.org/fhir/StructureDefinition/SimpleQuantity]]} {[]}
","Amount of vaccine administered","The quantity of vaccine product that was administered.","","","","","","","","","",,,,,"",,,,"Immunization.doseQuantity",0,1,"","ele-1:All FHIR elements must have a @value or children {hasValue() or (children().count() > id.count())}
","RXA-6 / RXA-7",".doseQuantity"
"Immunization.performer","","","",0,*,"","","Y","BackboneElement {[]} {[]}
","Who performed event","Indicates who performed the immunization event.","","","","","","","","","",,,,,"",,,,"Immunization.performer",0,*,"","ele-1:All FHIR elements must have a @value or children {hasValue() or (children().count() > id.count())}
","Event.performer","ORC-12 / RXA-10",".participation[typeCode=PRF].role[scoper.determinerCode=INSTANCE]"
"Immunization.performer.id","","","",0,1,"","","","string {[]} {[]}
","Unique id for inter-element referencing","Unique id for the element within a resource (for internal references). This may be any string value that does not contain spaces.","","","","","","","","","",,,,,"",,,,"Element.id",0,1,"","","n/a"
"Immunization.performer.extension","","extensions
user content","",0,*,"","","","Extension {[]} {[]}
","Additional content defined by implementations","May be used to represent additional information that is not part of the basic definition of the element. To make the use of extensions safe and manageable, there is a strict set of governance  applied to the definition and use of extensions. Though any implementer can define an extension, there is a set of requirements that SHALL be met as part of the definition of the extension.","There can be no stigma associated with the use of extensions by any application, project, or standard - regardless of the institution or jurisdiction that uses or defines the extensions.  The use of extensions is what allows the FHIR specification to retain a core level of simplicity for everyone.","","","","","","","","",,,,,"",,,,"Element.extension",0,*,"","ele-1:All FHIR elements must have a @value or children {hasValue() or (children().count() > id.count())}
ext-1:Must have either extensions or value[x], not both {extension.exists() != value.exists()}","n/a"
"Immunization.performer.modifierExtension","","extensions
user contentmodifiers","",0,*,"","Y","Y","Extension {[]} {[]}
","Extensions that cannot be ignored even if unrecognized","May be used to represent additional information that is not part of the basic definition of the element and that modifies the understanding of the element in which it is contained and/or the understanding of the containing element's descendants. Usually modifier elements provide negation or qualification. To make the use of extensions safe and manageable, there is a strict set of governance applied to the definition and use of extensions. Though any implementer can define an extension, there is a set of requirements that SHALL be met as part of the definition of the extension. Applications processing a resource are required to check for modifier extensions.

Modifier extensions SHALL NOT change the meaning of any elements on Resource or DomainResource (including cannot change the meaning of modifierExtension itself).","There can be no stigma associated with the use of extensions by any application, project, or standard - regardless of the institution or jurisdiction that uses or defines the extensions.  The use of extensions is what allows the FHIR specification to retain a core level of simplicity for everyone.","Modifier extensions allow for extensions that *cannot* be safely ignored to be clearly distinguished from the vast majority of extensions which can be safely ignored.  This promotes interoperability by eliminating the need for implementers to prohibit the presence of extensions. For further information, see the [definition of modifier extensions](http://hl7.org/fhir/R4/extensibility.html#modifierExtension).","","","","","","","",,,,,"",,,,"BackboneElement.modifierExtension",0,*,"","ele-1:All FHIR elements must have a @value or children {hasValue() or (children().count() > id.count())}
ext-1:Must have either extensions or value[x], not both {extension.exists() != value.exists()}","N/A"
"Immunization.performer.function","","","",0,1,"","","Y","CodeableConcept {[]} {[]}
","What type of performance was done","Describes the type of performance (e.g. ordering provider, administering provider, etc.).","","","","","","","","","",,"extensible","The role a practitioner or organization plays in the immunization event.","http://hl7.org/fhir/ValueSet/immunization-function","",,,,"Immunization.performer.function",0,1,"","ele-1:All FHIR elements must have a @value or children {hasValue() or (children().count() > id.count())}
","Event.performer.function",".participation.functionCode"
"Immunization.performer.actor","","","",1,1,"","","Y","Reference {[]} {[CanonicalType[http://hl7.org/fhir/StructureDefinition/Practitioner], CanonicalType[http://hl7.org/fhir/StructureDefinition/PractitionerRole], CanonicalType[http://hl7.org/fhir/StructureDefinition/Organization]]}
","Individual or organization who was performing","The practitioner or organization who performed the action.","When the individual practitioner who performed the action is known, it is best to send.","","","","","","","","",,,,,"",,,,"Immunization.performer.actor",1,1,"","ele-1:All FHIR elements must have a @value or children {hasValue() or (children().count() > id.count())}
","Event.performer.actor",".player","FiveWs.actor"
"Immunization.note","","","",0,*,"","","Y","Annotation {[]} {[]}
","Additional immunization notes","Extra information about the immunization that is not conveyed by the other attributes.","","","","","","","","","",,,,,"",,,,"Immunization.note",0,*,"","ele-1:All FHIR elements must have a @value or children {hasValue() or (children().count() > id.count())}
","Event.note","OBX-5 : OBX-3 = 48767-8","note"
"Immunization.reasonCode","","","",0,*,"","","","CodeableConcept {[]} {[]}
","Why immunization occurred","Reasons why the vaccine was administered.","","","","","","","","","",,"example","The reason why a vaccine was administered.","http://hl7.org/fhir/ValueSet/immunization-reason","",,,,"Immunization.reasonCode",0,*,"","ele-1:All FHIR elements must have a @value or children {hasValue() or (children().count() > id.count())}
","Event.reasonCode","[actionNegationInd=false].reasonCode"
"Immunization.reasonReference","","","",0,*,"","","","Reference {[]} {[CanonicalType[http://hl7.org/fhir/StructureDefinition/Condition], CanonicalType[http://hl7.org/fhir/StructureDefinition/Observation], CanonicalType[http://hl7.org/fhir/StructureDefinition/DiagnosticReport]]}
","Why immunization occurred","Condition, Observation or DiagnosticReport that supports why the immunization was administered.","","","","","","","","","",,,,,"",,,,"Immunization.reasonReference",0,*,"","ele-1:All FHIR elements must have a @value or children {hasValue() or (children().count() > id.count())}
","Event.reasonReference","N/A"
"Immunization.isSubpotent","","","",0,1,"","Y","Y","boolean {[]} {[]}
","Dose potency","Indication if a dose is considered to be subpotent. By default, a dose should be considered to be potent.","Typically, the recognition of the dose being sub-potent is retrospective, after the administration (ex. notification of a manufacturer recall after administration). However, in the case of a partial administration (the patient moves unexpectedly and only some of the dose is actually administered), subpotency may be recognized immediately, but it is still important to record the event.","","","By default, a dose should be considered to be potent.","","","","","",,,,,"",,,,"Immunization.isSubpotent",0,1,"","ele-1:All FHIR elements must have a @value or children {hasValue() or (children().count() > id.count())}
","RXA-20 = PA (partial administration)","N/A"
"Immunization.subpotentReason","","","",0,*,"","","","CodeableConcept {[]} {[]}
","Reason for being subpotent","Reason why a dose is considered to be subpotent.","","","","","","","","","",,"example","The reason why a dose is considered to be subpotent.","http://hl7.org/fhir/ValueSet/immunization-subpotent-reason","",,,,"Immunization.subpotentReason",0,*,"","ele-1:All FHIR elements must have a @value or children {hasValue() or (children().count() > id.count())}
","N/A"
"Immunization.education","","","",0,*,"","","","BackboneElement {[]} {[]}
","Educational material presented to patient","Educational material presented to the patient (or guardian) at the time of vaccine administration.","","","","","","","","","",,,,,"",,,,"Immunization.education",0,*,"","ele-1:All FHIR elements must have a @value or children {hasValue() or (children().count() > id.count())}
imm-1:One of documentType or reference SHALL be present {documentType.exists() or reference.exists()}","N/A"
"Immunization.education.id","","","",0,1,"","","","string {[]} {[]}
","Unique id for inter-element referencing","Unique id for the element within a resource (for internal references). This may be any string value that does not contain spaces.","","","","","","","","","",,,,,"",,,,"Element.id",0,1,"","","n/a"
"Immunization.education.extension","","extensions
user content","",0,*,"","","","Extension {[]} {[]}
","Additional content defined by implementations","May be used to represent additional information that is not part of the basic definition of the element. To make the use of extensions safe and manageable, there is a strict set of governance  applied to the definition and use of extensions. Though any implementer can define an extension, there is a set of requirements that SHALL be met as part of the definition of the extension.","There can be no stigma associated with the use of extensions by any application, project, or standard - regardless of the institution or jurisdiction that uses or defines the extensions.  The use of extensions is what allows the FHIR specification to retain a core level of simplicity for everyone.","","","","","","","","",,,,,"",,,,"Element.extension",0,*,"","ele-1:All FHIR elements must have a @value or children {hasValue() or (children().count() > id.count())}
ext-1:Must have either extensions or value[x], not both {extension.exists() != value.exists()}","n/a"
"Immunization.education.modifierExtension","","extensions
user contentmodifiers","",0,*,"","Y","Y","Extension {[]} {[]}
","Extensions that cannot be ignored even if unrecognized","May be used to represent additional information that is not part of the basic definition of the element and that modifies the understanding of the element in which it is contained and/or the understanding of the containing element's descendants. Usually modifier elements provide negation or qualification. To make the use of extensions safe and manageable, there is a strict set of governance applied to the definition and use of extensions. Though any implementer can define an extension, there is a set of requirements that SHALL be met as part of the definition of the extension. Applications processing a resource are required to check for modifier extensions.

Modifier extensions SHALL NOT change the meaning of any elements on Resource or DomainResource (including cannot change the meaning of modifierExtension itself).","There can be no stigma associated with the use of extensions by any application, project, or standard - regardless of the institution or jurisdiction that uses or defines the extensions.  The use of extensions is what allows the FHIR specification to retain a core level of simplicity for everyone.","Modifier extensions allow for extensions that *cannot* be safely ignored to be clearly distinguished from the vast majority of extensions which can be safely ignored.  This promotes interoperability by eliminating the need for implementers to prohibit the presence of extensions. For further information, see the [definition of modifier extensions](http://hl7.org/fhir/R4/extensibility.html#modifierExtension).","","","","","","","",,,,,"",,,,"BackboneElement.modifierExtension",0,*,"","ele-1:All FHIR elements must have a @value or children {hasValue() or (children().count() > id.count())}
ext-1:Must have either extensions or value[x], not both {extension.exists() != value.exists()}","N/A"
"Immunization.education.documentType","","","",0,1,"","","","string {[]} {[]}
","Educational material document identifier","Identifier of the material presented to the patient.","","","","","","","","","",,,,,"",,,,"Immunization.education.documentType",0,1,"","ele-1:All FHIR elements must have a @value or children {hasValue() or (children().count() > id.count())}
","OBX-5 : OBX-3 = 69764-9","N/A"
"Immunization.education.reference","","","",0,1,"","","","uri {[]} {[]}
","Educational material reference pointer","Reference pointer to the educational material given to the patient if the information was on line.","","","","","","","","","",,,,,"",,,,"Immunization.education.reference",0,1,"","ele-1:All FHIR elements must have a @value or children {hasValue() or (children().count() > id.count())}
","N/A"
"Immunization.education.publicationDate","","","",0,1,"","","","dateTime {[]} {[]}
","Educational material publication date","Date the educational material was published.","","","","","","","","","",,,,,"",,,,"Immunization.education.publicationDate",0,1,"","ele-1:All FHIR elements must have a @value or children {hasValue() or (children().count() > id.count())}
","OBX-5 : OBX-3 = 29768-9","N/A"
"Immunization.education.presentationDate","","","",0,1,"","","","dateTime {[]} {[]}
","Educational material presentation date","Date the educational material was given to the patient.","","","","","","","","","",,,,,"",,,,"Immunization.education.presentationDate",0,1,"","ele-1:All FHIR elements must have a @value or children {hasValue() or (children().count() > id.count())}
","OBX-5 : OBX-3 = 29769-7","N/A"
"Immunization.programEligibility","","","",0,*,"","","","CodeableConcept {[]} {[]}
","Patient eligibility for a vaccination program","Indicates a patient's eligibility for a funding program.","","","","","","","","","",,"example","The patient's eligibility for a vaccation program.","http://hl7.org/fhir/ValueSet/immunization-program-eligibility","",,,,"Immunization.programEligibility",0,*,"","ele-1:All FHIR elements must have a @value or children {hasValue() or (children().count() > id.count())}
","OBX-5 : OBX-3 = 64994-7","N/A"
"Immunization.fundingSource","","","",0,1,"","","","CodeableConcept {[]} {[]}
","Funding source for the vaccine","Indicates the source of the vaccine actually administered. This may be different than the patient eligibility (e.g. the patient may be eligible for a publically purchased vaccine but due to inventory issues, vaccine purchased with private funds was actually administered).","","","","","","","","","",,"example","The source of funding used to purchase the vaccine administered.","http://hl7.org/fhir/ValueSet/immunization-funding-source","",,,,"Immunization.fundingSource",0,1,"","ele-1:All FHIR elements must have a @value or children {hasValue() or (children().count() > id.count())}
","N/A"
"Immunization.reaction","","","",0,*,"","","","BackboneElement {[]} {[]}
","Details of a reaction that follows immunization","Categorical data indicating that an adverse event is associated in time to an immunization.","A reaction may be an indication of an allergy or intolerance and, if this is determined to be the case, it should be recorded as a new AllergyIntolerance resource instance as most systems will not query against past Immunization.reaction elements.","","","","","","","","",,,,,"",,,,"Immunization.reaction",0,*,"","ele-1:All FHIR elements must have a @value or children {hasValue() or (children().count() > id.count())}
","OBX-3","Observation[classCode=obs].code"
"Immunization.reaction.id","","","",0,1,"","","","string {[]} {[]}
","Unique id for inter-element referencing","Unique id for the element within a resource (for internal references). This may be any string value that does not contain spaces.","","","","","","","","","",,,,,"",,,,"Element.id",0,1,"","","n/a"
"Immunization.reaction.extension","","extensions
user content","",0,*,"","","","Extension {[]} {[]}
","Additional content defined by implementations","May be used to represent additional information that is not part of the basic definition of the element. To make the use of extensions safe and manageable, there is a strict set of governance  applied to the definition and use of extensions. Though any implementer can define an extension, there is a set of requirements that SHALL be met as part of the definition of the extension.","There can be no stigma associated with the use of extensions by any application, project, or standard - regardless of the institution or jurisdiction that uses or defines the extensions.  The use of extensions is what allows the FHIR specification to retain a core level of simplicity for everyone.","","","","","","","","",,,,,"",,,,"Element.extension",0,*,"","ele-1:All FHIR elements must have a @value or children {hasValue() or (children().count() > id.count())}
ext-1:Must have either extensions or value[x], not both {extension.exists() != value.exists()}","n/a"
"Immunization.reaction.modifierExtension","","extensions
user contentmodifiers","",0,*,"","Y","Y","Extension {[]} {[]}
","Extensions that cannot be ignored even if unrecognized","May be used to represent additional information that is not part of the basic definition of the element and that modifies the understanding of the element in which it is contained and/or the understanding of the containing element's descendants. Usually modifier elements provide negation or qualification. To make the use of extensions safe and manageable, there is a strict set of governance applied to the definition and use of extensions. Though any implementer can define an extension, there is a set of requirements that SHALL be met as part of the definition of the extension. Applications processing a resource are required to check for modifier extensions.

Modifier extensions SHALL NOT change the meaning of any elements on Resource or DomainResource (including cannot change the meaning of modifierExtension itself).","There can be no stigma associated with the use of extensions by any application, project, or standard - regardless of the institution or jurisdiction that uses or defines the extensions.  The use of extensions is what allows the FHIR specification to retain a core level of simplicity for everyone.","Modifier extensions allow for extensions that *cannot* be safely ignored to be clearly distinguished from the vast majority of extensions which can be safely ignored.  This promotes interoperability by eliminating the need for implementers to prohibit the presence of extensions. For further information, see the [definition of modifier extensions](http://hl7.org/fhir/R4/extensibility.html#modifierExtension).","","","","","","","",,,,,"",,,,"BackboneElement.modifierExtension",0,*,"","ele-1:All FHIR elements must have a @value or children {hasValue() or (children().count() > id.count())}
ext-1:Must have either extensions or value[x], not both {extension.exists() != value.exists()}","N/A"
"Immunization.reaction.date","","","",0,1,"","","","dateTime {[]} {[]}
","When reaction started","Date of reaction to the immunization.","","","","","","","","","",,,,,"",,,,"Immunization.reaction.date",0,1,"","ele-1:All FHIR elements must have a @value or children {hasValue() or (children().count() > id.count())}
","OBX-14 (ideally this would be reported in an IAM segment, but IAM is not part of the HL7 v2 VXU message - most likely would appear in OBX segments if at all)",".effectiveTime"
"Immunization.reaction.detail","","","",0,1,"","","","Reference {[]} {[CanonicalType[http://hl7.org/fhir/StructureDefinition/Observation]]}
","Additional information on reaction","Details of the reaction.","","","","","","","","","",,,,,"",,,,"Immunization.reaction.detail",0,1,"","ele-1:All FHIR elements must have a @value or children {hasValue() or (children().count() > id.count())}
","OBX-5",".value"
"Immunization.reaction.reported","","","",0,1,"","","","boolean {[]} {[]}
","Indicates self-reported reaction","Self-reported indicator.","","","","","","","","","",,,,,"",,,,"Immunization.reaction.reported",0,1,"","ele-1:All FHIR elements must have a @value or children {hasValue() or (children().count() > id.count())}
","(HL7 v2 doesn't seem to provide for this)",".participation[typeCode=INF].role[classCode=PAT] (this syntax for self-reported=true)"
"Immunization.protocolApplied","","","",0,*,"","","","BackboneElement {[]} {[]}
","Protocol followed by the provider","The protocol (set of recommendations) being followed by the provider who administered the dose.","","","","","","","","","",,,,,"",,,,"Immunization.protocolApplied",0,*,"","ele-1:All FHIR elements must have a @value or children {hasValue() or (children().count() > id.count())}
","N/A"
"Immunization.protocolApplied.id","","","",0,1,"","","","string {[]} {[]}
","Unique id for inter-element referencing","Unique id for the element within a resource (for internal references). This may be any string value that does not contain spaces.","","","","","","","","","",,,,,"",,,,"Element.id",0,1,"","","n/a"
"Immunization.protocolApplied.extension","","extensions
user content","",0,*,"","","","Extension {[]} {[]}
","Additional content defined by implementations","May be used to represent additional information that is not part of the basic definition of the element. To make the use of extensions safe and manageable, there is a strict set of governance  applied to the definition and use of extensions. Though any implementer can define an extension, there is a set of requirements that SHALL be met as part of the definition of the extension.","There can be no stigma associated with the use of extensions by any application, project, or standard - regardless of the institution or jurisdiction that uses or defines the extensions.  The use of extensions is what allows the FHIR specification to retain a core level of simplicity for everyone.","","","","","","","","",,,,,"",,,,"Element.extension",0,*,"","ele-1:All FHIR elements must have a @value or children {hasValue() or (children().count() > id.count())}
ext-1:Must have either extensions or value[x], not both {extension.exists() != value.exists()}","n/a"
"Immunization.protocolApplied.modifierExtension","","extensions
user contentmodifiers","",0,*,"","Y","Y","Extension {[]} {[]}
","Extensions that cannot be ignored even if unrecognized","May be used to represent additional information that is not part of the basic definition of the element and that modifies the understanding of the element in which it is contained and/or the understanding of the containing element's descendants. Usually modifier elements provide negation or qualification. To make the use of extensions safe and manageable, there is a strict set of governance applied to the definition and use of extensions. Though any implementer can define an extension, there is a set of requirements that SHALL be met as part of the definition of the extension. Applications processing a resource are required to check for modifier extensions.

Modifier extensions SHALL NOT change the meaning of any elements on Resource or DomainResource (including cannot change the meaning of modifierExtension itself).","There can be no stigma associated with the use of extensions by any application, project, or standard - regardless of the institution or jurisdiction that uses or defines the extensions.  The use of extensions is what allows the FHIR specification to retain a core level of simplicity for everyone.","Modifier extensions allow for extensions that *cannot* be safely ignored to be clearly distinguished from the vast majority of extensions which can be safely ignored.  This promotes interoperability by eliminating the need for implementers to prohibit the presence of extensions. For further information, see the [definition of modifier extensions](http://hl7.org/fhir/R4/extensibility.html#modifierExtension).","","","","","","","",,,,,"",,,,"BackboneElement.modifierExtension",0,*,"","ele-1:All FHIR elements must have a @value or children {hasValue() or (children().count() > id.count())}
ext-1:Must have either extensions or value[x], not both {extension.exists() != value.exists()}","N/A"
"Immunization.protocolApplied.series","","","",0,1,"","","","string {[]} {[]}
","Name of vaccine series","One possible path to achieve presumed immunity against a disease - within the context of an authority.","","","","","","","","","",,,,,"",,,,"Immunization.protocolApplied.series",0,1,"","ele-1:All FHIR elements must have a @value or children {hasValue() or (children().count() > id.count())}
","N/A"
"Immunization.protocolApplied.authority","","","",0,1,"","","","Reference {[]} {[CanonicalType[http://hl7.org/fhir/StructureDefinition/Organization]]}
","Who is responsible for publishing the recommendations","Indicates the authority who published the protocol (e.g. ACIP) that is being followed.","","","","","","","","","",,,,,"",,,,"Immunization.protocolApplied.authority",0,1,"","ele-1:All FHIR elements must have a @value or children {hasValue() or (children().count() > id.count())}
","N/A"
"Immunization.protocolApplied.targetDisease","","","",0,*,"","","","CodeableConcept {[]} {[]}
","Vaccine preventatable disease being targetted","The vaccine preventable disease the dose is being administered against.","","","","","","","","","",,"example","The vaccine preventable disease the dose is being administered for.","http://hl7.org/fhir/ValueSet/immunization-target-disease","",,,,"Immunization.protocolApplied.targetDisease",0,*,"","ele-1:All FHIR elements must have a @value or children {hasValue() or (children().count() > id.count())}
","N/A"
"Immunization.protocolApplied.doseNumber[x]","","","",1,1,"","","","positiveInt {[]} {[]}
string {[]} {[]}","Dose number within series","Nominal position in a series.","The use of an integer is preferred if known. A string should only be used in cases where an integer is not available (such as when documenting a recurring booster dose).","","","","","","","","",,,,,"",,,,"Immunization.protocolApplied.doseNumber[x]",1,1,"","ele-1:All FHIR elements must have a @value or children {hasValue() or (children().count() > id.count())}
","N/A"
"Immunization.protocolApplied.seriesDoses[x]","","","",0,1,"","","","positiveInt {[]} {[]}
string {[]} {[]}","Recommended number of doses for immunity","The recommended number of doses to achieve immunity.","The use of an integer is preferred if known. A string should only be used in cases where an integer is not available (such as when documenting a recurring booster dose).","","","","","","","","",,,,,"",,,,"Immunization.protocolApplied.seriesDoses[x]",0,1,"","ele-1:All FHIR elements must have a @value or children {hasValue() or (children().count() > id.count())}
","N/A"
