<?xml version="1.0" encoding="UTF-8"?>

<MedicationAdministration xmlns="http://hl7.org/fhir">
  <id value="GOFSH-GENERATED-ID-0"/>
  <text>
    <status value="generated"/><div xmlns="http://www.w3.org/1999/xhtml"><p><b>Generated Narrative</b></p><div style="display: inline-block; background-color: #d9e0e7; padding: 6px; margin: 4px; border: 1px solid #8da1b4; border-radius: 5px; line-height: 60%"><p style="margin-bottom: 0px">Resource "GOFSH-GENERATED-ID-0" </p></div><p><b>identifier</b>: id: 123456789012345, id: 1, id: 1</p><p><b>status</b>: completed</p><p><b>category</b>: 入院オーダ <span style="background: LightGoldenRodYellow; margin: 4px; border: 1px solid khaki"> (<a href="http://terminology.hl7.org/3.1.0/CodeSystem-v2-0482.html">orderType</a>#I)</span></p><p><b>medication</b>: <a name="1"> </a></p><blockquote><div style="display: inline-block; background-color: #d9e0e7; padding: 6px; margin: 4px; border: 1px solid #8da1b4; border-radius: 5px; line-height: 60%"><p style="margin-bottom: 0px">Resource "1" </p></div><p><b>location</b>: 腕 <span style="background: LightGoldenRodYellow; margin: 4px; border: 1px solid khaki"> (<a href="http://terminology.hl7.org/3.1.0/CodeSystem-v2-0550.html">bodyParts</a>#ARM)</span></p><p><b>locationQualifier</b>: 左 <span style="background: LightGoldenRodYellow; margin: 4px; border: 1px solid khaki"> (<a href="http://terminology.hl7.org/3.1.0/CodeSystem-v2-0495.html">bodySiteModifier</a>#L)</span></p><p><b>patient</b>: <a href="Patient/1">Patient/1</a></p></blockquote><p><b>subject</b>: <a href="Patient/1">Patient/1</a></p><p><b>effective</b>: 2016-07-01 08:05:21+0900 --&gt; 2016-07-01 01:05:43+0900</p><h3>Performers</h3><table class="grid"><tr><td>-</td><td><b>Function</b></td><td><b>Actor</b></td></tr><tr><td>*</td><td>Performer <span style="background: LightGoldenRodYellow; margin: 4px; border: 1px solid khaki"> (<a href="http://terminology.hl7.org/3.1.0/CodeSystem-med-admin-perform-function.html">MedicationAdministration Performer Function Codes</a>#performer)</span></td><td><a href="Practitioner/1">Practitioner/1: 看護 花子</a></td></tr></table><p><b>request</b>: <a href="MedicationRequest/1">MedicationRequest/1</a></p><h3>Dosages</h3><table class="grid"><tr><td>-</td><td><b>Extension</b></td><td><b>Site</b></td><td><b>Route</b></td><td><b>Method</b></td><td><b>Dose</b></td><td><b>Rate[x]</b></td></tr><tr><td>*</td><td></td><td> <span style="background: LightGoldenRodYellow; margin: 4px; border: 1px solid khaki"> ()</span></td><td>静脈内 <span style="background: LightGoldenRodYellow; margin: 4px; border: 1px solid khaki"> (<a href="http://terminology.hl7.org/3.1.0/CodeSystem-v2-0162.html">routeOfAdministration</a>#IV)</span></td><td>点滴静注(末梢) <span style="background: LightGoldenRodYellow; margin: 4px; border: 1px solid khaki"> (99ILL#102)</span></td><td>510 mL<span style="background: LightGoldenRodYellow"> (Details: UCUM code mL = 'mL')</span></td><td>102 mL<span style="background: LightGoldenRodYellow"> (Details: UCUM code mL = 'mL')</span>/1 h<span style="background: LightGoldenRodYellow"> (Details: UCUM code h = 'h')</span></td></tr></table></div>
  </text>
  <contained>
    <Medication>
      <id value="1"/>
      <ingredient>
        <itemCodeableConcept>
          <coding>
            <system value="urn:oid:1.2.392.100495.20.2.74"/>
            <code value="107750602"/>
            <display value="ソリタ－Ｔ３号輸液５００ｍＬ"/>
          </coding>
        </itemCodeableConcept>
        <strength>
          <numerator>
            <value value="1"/>
            <unit value="本"/>
            <system value="urn:oid:1.2.392.100495.20.2.101"/>
            <code value="HON"/>
          </numerator>
          <denominator>
            <value value="1"/>
            <unit value="回"/>
            <system value="urn:oid:1.2.392.100495.20.2.101"/>
            <code value="KAI"/>
          </denominator>
        </strength>
      </ingredient>
      <ingredient>
        <itemCodeableConcept>
          <coding>
            <system value="urn:oid:1.2.392.100495.20.2.74"/>
            <code value="108010001"/>
            <display value="アドナ注（静脈用）50mg／10mL"/>
          </coding>
        </itemCodeableConcept>
        <strength>
          <numerator>
            <value value="1"/>
            <unit value="アンプル"/>
            <system value="urn:oid:1.2.392.100495.20.2.101"/>
            <code value="AMP"/>
          </numerator>
          <denominator>
            <value value="1"/>
            <unit value="回"/>
            <system value="urn:oid:1.2.392.100495.20.2.101"/>
            <code value="KAI"/>
          </denominator>
        </strength>
      </ingredient>
    </Medication>
  </contained>
  <contained>
    <BodyStructure>
      <id value="1"/>
      <location>
        <coding>
          <system value="http://terminology.hl7.org/CodeSystem/v2-0550"/>
          <code value="ARM"/>
          <display value="腕"/>
        </coding>
      </location>
      <locationQualifier>
        <coding>
          <system value="http://terminology.hl7.org/CodeSystem/v2-0495"/>
          <code value="L"/>
          <display value="左"/>
        </coding>
      </locationQualifier>
      <patient>
        <reference value="Patient/1"/>
      </patient>
    </BodyStructure>
  </contained>
  <extension url="http://hl7fhir.jp/fhir/StructureDefinition/JP_MedicationAdminstrationRequestDepartment">
    <valueCodeableConcept>
      <coding>
        <system value="http://terminology.hl7.org/CodeSystem/v2-0069"/>
        <code value="01"/>
        <display value="内科"/>
      </coding>
    </valueCodeableConcept>
  </extension>
  <extension url="http://hl7fhir.jp/fhir/StructureDefinition/JP_MedicationAdministrationRequester">
    <valueReference>
      <reference value="Practitioner/2"/>
      <display value="医師 一郎"/>
    </valueReference>
  </extension>
  <extension url="http://hl7fhir.jp/fhir/StructureDefinition/JP_MedicationAdministrationRequestAuthoredOn">
    <valueDateTime value="2016-07-01T00:00:00+09:00"/>
  </extension>
  <extension url="http://hl7fhir.jp/fhir/StructureDefinition/JP_MedicationAdminstrationLocation">
    <valueReference>
      <reference value="Location/1"/>
      <display value="09A病棟 021病室 4ベッド"/>
    </valueReference>
  </extension>
  <identifier>
    <system value="http://www.example.com/fhir/order-number"/>
    <value value="123456789012345"/>
  </identifier>
  <identifier>
    <system value="urn:oid:1.2.392.100495.20.3.81"/>
    <value value="1"/>
  </identifier>
  <identifier>
    <system value="urn:oid:1.2.392.100495.20.3.82"/>
    <value value="1"/>
  </identifier>
  <status value="completed"/>
  <category>
    <coding>
      <system value="http://terminology.hl7.org/CodeSystem/v2-0482"/>
      <code value="I"/>
      <display value="入院オーダ"/>
    </coding>
  </category>
  <medicationReference>
    <reference value="#1"/>
  </medicationReference>
  <subject>
    <reference value="Patient/1"/>
  </subject>
  <effectivePeriod>
    <start value="2016-07-01T08:05:21+09:00"/>
    <end value="2016-07-01T13:05:43+09:00"/>
  </effectivePeriod>
  <performer>
    <function>
      <coding>
        <system value="http://terminology.hl7.org/CodeSystem/med-admin-perform-function"/>
        <code value="performer"/>
        <display value="Performer"/>
      </coding>
    </function>
    <actor>
      <reference value="Practitioner/1"/>
      <display value="看護 花子"/>
    </actor>
  </performer>
  <request>
    <reference value="MedicationRequest/1"/>
  </request>
  <dosage>
    <extension url="http://jpfhir.jp/fhir/core/StructureDefinition/JP_MedicationAdministrationLine">
      <valueCodeableConcept>
        <coding>
          <system value="http://hl7fhir.jp/medication/99ILL"/>
          <code value="01"/>
          <display value="主管"/>
        </coding>
      </valueCodeableConcept>
    </extension>
    <site>
      <extension url="http://hl7.org/fhir/StructureDefinition/bodySite">
        <valueReference>
          <reference value="#1"/>
          <display value="左腕"/>
        </valueReference>
      </extension>
    </site>
    <route>
      <coding>
        <system value="http://terminology.hl7.org/CodeSystem/v2-0162"/>
        <code value="IV"/>
        <display value="静脈内"/>
      </coding>
    </route>
    <method>
      <coding>
        <system value="http://hl7fhir.jp/99ILL"/>
        <code value="102"/>
        <display value="点滴静注(末梢)"/>
      </coding>
    </method>
    <dose>
      <value value="510"/>
      <unit value="mL"/>
      <system value="http://unitsofmeasure.org"/>
      <code value="mL"/>
    </dose>
    <rateRatio>
      <numerator>
        <value value="102"/>
        <unit value="mL"/>
        <system value="http://unitsofmeasure.org"/>
        <code value="mL"/>
      </numerator>
      <denominator>
        <value value="1"/>
        <unit value="h"/>
        <system value="http://unitsofmeasure.org"/>
        <code value="h"/>
      </denominator>
    </rateRatio>
  </dosage>
</MedicationAdministration>