<?xml version="1.0" encoding="UTF-8"?>

<SearchParameter xmlns="http://hl7.org/fhir">
  <id value="jp-core-medicationrequest-authoredon"/>
  <text>
    <status value="generated"/><div xmlns="http://www.w3.org/1999/xhtml"><p><b>Generated Narrative</b></p><div style="display: inline-block; background-color: #d9e0e7; padding: 6px; margin: 4px; border: 1px solid #8da1b4; border-radius: 5px; line-height: 60%"><p style="margin-bottom: 0px">Resource "jp-core-medicationrequest-authoredon" </p></div><p><b>url</b>: <code>http://jpfhir.jp/fhir/core/SearchParameter/StructureDefinition/jp-core-medicationrequest-authoredon</code></p><p><b>version</b>: 1.0.0</p><p><b>name</b>: JPCoreMedicationrequestAuthoredon</p><p><b>status</b>: active</p><p><b>experimental</b>: false</p><p><b>date</b>: 2021-12-01</p><p><b>publisher</b>: HL7 FHIR 日本実装検討WG</p><p><b>contact</b>: HL7 FHIR 日本実装検討WG: <a href="https://jpfhir.jp/">https://jpfhir.jp/</a></p><p><b>description</b>: MedicationRequestリソースのAuthoredOn(処方指示日時)に関する検索を定義します。</p><p><b>code</b>: authoredon</p><p><b>base</b>: MedicationRequest</p><p><b>type</b>: date</p><p><b>expression</b>: MedicationRequest.authoredOn</p><p><b>xpath</b>: f:MedicationRequest/f:authoredOn</p><p><b>xpathUsage</b>: normal</p><p><b>multipleOr</b>: true</p><p><b>multipleAnd</b>: true</p><p><b>comparator</b>: eq, ne, gt, lt, le, sa, eb, ap</p><p><b>modifier</b>: missing</p></div>
  </text>
  <url value="http://jpfhir.jp/fhir/core/SearchParameter/StructureDefinition/jp-core-medicationrequest-authoredon"/>
  <version value="1.0.0"/>
  <name value="JPCoreMedicationrequestAuthoredon"/>
  <status value="active"/>
  <experimental value="false"/>
  <date value="2021-12-01"/>
  <publisher value="HL7 FHIR 日本実装検討WG"/>
  <contact>
    <name value="HL7 FHIR 日本実装検討WG"/>
    <telecom>
      <system value="url"/>
      <value value="https://jpfhir.jp/"/>
    </telecom>
  </contact>
  <description value="MedicationRequestリソースのAuthoredOn(処方指示日時)に関する検索を定義します。"/>
  <code value="authoredon"/>
  <base value="MedicationRequest"/>
  <type value="date"/>
  <expression value="MedicationRequest.authoredOn"/>
  <xpath value="f:MedicationRequest/f:authoredOn"/>
  <xpathUsage value="normal"/>
  <multipleOr value="true">
    <extension url="http://hl7.org/fhir/StructureDefinition/capabilitystatement-expectation">
      <valueCode value="MAY"/>
    </extension>
  </multipleOr>
  <multipleAnd value="true">
    <extension url="http://hl7.org/fhir/StructureDefinition/capabilitystatement-expectation">
      <valueCode value="SHOULD"/>
    </extension>
  </multipleAnd>
  <comparator value="eq">
    <extension url="http://hl7.org/fhir/StructureDefinition/capabilitystatement-expectation">
      <valueCode value="MAY"/>
    </extension>
  </comparator>
  <comparator value="ne">
    <extension url="http://hl7.org/fhir/StructureDefinition/capabilitystatement-expectation">
      <valueCode value="MAY"/>
    </extension>
  </comparator>
  <comparator value="gt">
    <extension url="http://hl7.org/fhir/StructureDefinition/capabilitystatement-expectation">
      <valueCode value="SHALL"/>
    </extension>
  </comparator>
  <comparator value="lt">
    <extension url="http://hl7.org/fhir/StructureDefinition/capabilitystatement-expectation">
      <valueCode value="SHALL"/>
    </extension>
  </comparator>
  <comparator value="le">
    <extension url="http://hl7.org/fhir/StructureDefinition/capabilitystatement-expectation">
      <valueCode value="SHALL"/>
    </extension>
  </comparator>
  <comparator value="sa">
    <extension url="http://hl7.org/fhir/StructureDefinition/capabilitystatement-expectation">
      <valueCode value="MAY"/>
    </extension>
  </comparator>
  <comparator value="eb">
    <extension url="http://hl7.org/fhir/StructureDefinition/capabilitystatement-expectation">
      <valueCode value="MAY"/>
    </extension>
  </comparator>
  <comparator value="ap">
    <extension url="http://hl7.org/fhir/StructureDefinition/capabilitystatement-expectation">
      <valueCode value="MAY"/>
    </extension>
  </comparator>
  <modifier value="missing">
    <extension url="http://hl7.org/fhir/StructureDefinition/capabilitystatement-expectation">
      <valueCode value="MAY"/>
    </extension>
  </modifier>
</SearchParameter>