<?xml version="1.0" encoding="UTF-8"?><CapabilityStatement xmlns="http://hl7.org/fhir"><id value="jp-procedure-capability"/><meta><versionId value="47"/><lastUpdated value="2021-08-17T03:02:28.671+00:00"/><source value="#KBL3EPJxogq1mZJG"/></meta><text><status value="extensions"/><div xmlns="http://www.w3.org/1999/xhtml"><h2>JPCoreProcedureCapability</h2><div><p>ここでは、問い合わせ方法について記載します。</p>
</div><table><tr><td>Mode</td><td>CLIENT</td></tr><tr><td>Description</td><td/></tr><tr><td>Transaction</td><td></td></tr><tr><td>System History</td><td></td></tr><tr><td>System Search</td><td></td></tr></table><table><tr><th><b>Resource Type</b></th><th><b>Profile</b></th><th><b title="GET a resource (read interaction)">Read</b></th><th><b title="GET past versions of resources (vread interaction)">V-Read</b></th><th><b title="GET all set of resources of the type (search interaction)">Search</b></th><th><b title="PUT a new resource version (update interaction)">Update</b></th><th><b title="PATCH a new resource version (patch interaction)">Patch</b></th><th><b title="POST a new resource (create interaction)">Create</b></th><th><b title="DELETE a resource (delete interaction)">Delete</b></th><th><b title="GET changes to a resource (history interaction on instance)">Updates</b></th><th><b title="GET changes for all resources of the type (history interaction on type)">History</b></th></tr><tr><td>Procedure</td><td>Supported profiles:<br/>  <a href="https://hl7fhir.jp/fhir/ImplementationGuide/StructureDefinition/JP-Procedure">https://hl7fhir.jp/fhir/ImplementationGuide/StructureDefinition/JP-Procedure</a></td><td>y</td><td>y</td><td>y</td><td>y</td><td>y</td><td>y</td><td>y</td><td>y</td><td>y</td></tr></table></div></text><url value="https://hl7fhir.jp/fhir/ImplementationGuide/CapabilityStatement/jp-procedure-capability"/><version value="1.0.0"/><name value="JPCoreProcedureCapability"/><title value="JP Core Procedure Capability"/><status value="draft"/><experimental value="false"/><date value="2021-08-05"/><publisher value="HL7 FHIR 日本実装検討WG"/><contact><name value="HL7 FHIR 日本実装検討WG"/><telecom><system value="url"/><value value="https://jpfhir.jp/"/></telecom></contact><description value="ここでは、問い合わせ方法について記載します。"/><jurisdiction><coding><system value="urn:iso:std:iso:3166"/><code value="JP"/><display value="Japan"/></coding><text value="Jurisdiction"/></jurisdiction><kind value="requirements"/><fhirVersion value="4.0.1"/><format value="xml"/><format value="json"/><rest><mode value="client"/><resource><type value="Procedure"/><supportedProfile value="https://hl7fhir.jp/fhir/ImplementationGuide/StructureDefinition/JP-Procedure"/><documentation value="必須検索パラメータ&#xA;次の検索パラメータは必須でサポートされなければならない。&#xA;&#xA;* identifier 検索パラメータを使用して、医療従事者番号などの識別子によるPractitionerの検索をサポートしなければならない（SHALL）。  &#xA;　GET [base]/Practitioner?identifier={system|}[code]  &#xA;　例：  &#xA;　　　GET [base]/Practitioner?identifier=http://myhospital.com/fhir/drid|123456  &#xA;　　　指定された識別子(identifier)に一致するPractitionerリソースを含むBundleを検索する。  &#xA; &#xA;* name 検索パラメータを使用して、任意の名前パートによる文字列検索をサポートしなければならない（SHALL）。  &#xA;　GET [base]/Practitioner?name=[string]  &#xA;　例：  &#xA;　　　GET [base]/Practitioner?name=山田  &#xA;　　　名前（姓:family、名:given、またはテキスト:text）が一致するPractitionerリソースを含むBundleを検索する。&#xA;&#xA;推奨検索パラメータ  &#xA;* 推奨検索パラメータ(SHOULD)はありません。&#xA;&#xA;オプション検索パラメータ  &#xA;* オプション検索パラメータ(MAY)はありません。&#xA;&#xA;Operation一覧  &#xA;* Operationはありません。"/><interaction><code value="search-type"/></interaction><interaction><code value="read"/></interaction><interaction><code value="vread"/></interaction><interaction><code value="history-instance"/></interaction><interaction><code value="create"/></interaction><interaction><code value="update"/></interaction><interaction><code value="patch"/></interaction><interaction><code value="delete"/></interaction><interaction><code value="history-type"/></interaction><searchParam><name value="identifier"/><type value="token"/><documentation value="GET [base]/Practitioner?identifier=http://myhospital.com/fhir/drid|789"/></searchParam><searchParam><name value="name"/><type value="string"/><documentation value="GET [base]/Practitioner?name=山田"/></searchParam></resource></rest></CapabilityStatement>