<?xml version="1.0" encoding="UTF-8"?><SearchParameter xmlns="http://hl7.org/fhir"><id value="jp-core-patient-gender"/><url value="http://jpfhir.jp/fhir/core/SearchParameter/StructureDefinition/jp-core-patient-gender"/><version value="1.0.0"/><name value="JPCorePatientGender"/><status value="active"/><experimental value="false"/><date value="2021-12-01"/><publisher value="HL7 FHIR 日本実装検討WG"/><contact><name value="HL7 FHIR 日本実装検討WG"/><telecom><system value="url"/><value value="https://jpfhir.jp/"/></telecom></contact><description value="Patientリソースのgender(性別)に関する検索を定義します。"/><code value="gender"/><base value="Patient"/><type value="token"/><expression value="Patient.gender"/><xpath value="f:Patient/f:gender"/><xpathUsage value="normal"/><multipleOr value="true"><extension url="http://hl7.org/fhir/StructureDefinition/capabilitystatement-expectation"><valueCode value="MAY"/></extension></multipleOr><multipleAnd value="true"><extension url="http://hl7.org/fhir/StructureDefinition/capabilitystatement-expectation"><valueCode value="MAY"/></extension></multipleAnd><modifier value="missing"><extension url="http://hl7.org/fhir/StructureDefinition/capabilitystatement-expectation"><valueCode value="MAY"/></extension></modifier><modifier value="text"><extension url="http://hl7.org/fhir/StructureDefinition/capabilitystatement-expectation"><valueCode value="MAY"/></extension></modifier><modifier value="not"><extension url="http://hl7.org/fhir/StructureDefinition/capabilitystatement-expectation"><valueCode value="MAY"/></extension></modifier><modifier value="in"><extension url="http://hl7.org/fhir/StructureDefinition/capabilitystatement-expectation"><valueCode value="MAY"/></extension></modifier><modifier value="not-in"><extension url="http://hl7.org/fhir/StructureDefinition/capabilitystatement-expectation"><valueCode value="MAY"/></extension></modifier><modifier value="below"><extension url="http://hl7.org/fhir/StructureDefinition/capabilitystatement-expectation"><valueCode value="MAY"/></extension></modifier><modifier value="above"><extension url="http://hl7.org/fhir/StructureDefinition/capabilitystatement-expectation"><valueCode value="MAY"/></extension></modifier><modifier value="ofType"><extension url="http://hl7.org/fhir/StructureDefinition/capabilitystatement-expectation"><valueCode value="MAY"/></extension></modifier></SearchParameter>