<?xml version="1.0" encoding="UTF-8"?><SearchParameter xmlns="http://hl7.org/fhir"><id value="jp-core-medicationrequest-requester"/><url value="http://jpfhir.jp/fhir/core/SearchParameter/StructureDefinition/jp-core-medicationrequest-requester"/><version value="1.0.0"/><name value="JPCoreMedicationRequestrRequester"/><status value="active"/><experimental value="false"/><date value="2021-12-01"/><publisher value="HL7 FHIR 日本実装検討WG"/><contact><name value="HL7 FHIR 日本実装検討WG"/><telecom><system value="url"/><value value="https://jpfhir.jp/"/></telecom></contact><description value="MedicationRequestリソースのrequesterに関する検索を定義します。"/><code value="requester"/><base value="MedicationRequest"/><type value="reference"/><expression value="MedicationRequest.requester.where(resolve() is Patient)"/><xpath value="f:MedicationRequest/f:requester"/><xpathUsage value="normal"/><target value="Practitioner"/><multipleOr value="true"><extension url="http://hl7.org/fhir/StructureDefinition/capabilitystatement-expectation"><valueCode value="MAY"/></extension></multipleOr><multipleAnd value="true"><extension url="http://hl7.org/fhir/StructureDefinition/capabilitystatement-expectation"><valueCode value="MAY"/></extension></multipleAnd><modifier value="missing"><extension url="http://hl7.org/fhir/StructureDefinition/capabilitystatement-expectation"><valueCode value="MAY"/></extension></modifier><modifier value="type"><extension url="http://hl7.org/fhir/StructureDefinition/capabilitystatement-expectation"><valueCode value="MAY"/></extension></modifier><modifier value="identifier"><extension url="http://hl7.org/fhir/StructureDefinition/capabilitystatement-expectation"><valueCode value="MAY"/></extension></modifier><chain value="identifier"><extension url="http://hl7.org/fhir/StructureDefinition/capabilitystatement-expectation"><valueCode value="SHALL"/></extension></chain><chain value="name"><extension url="http://hl7.org/fhir/StructureDefinition/capabilitystatement-expectation"><valueCode value="SHALL"/></extension></chain></SearchParameter>