<?xml version="1.0" encoding="UTF-8"?><SearchParameter xmlns="http://hl7.org/fhir"><id value="jp-core-medicationadministration-effectivedatetime"/><url value="http://jpfhir.jp/fhir/core/SearchParameter/StructureDefinition/jp-core-medicationadministration-effectivedatetime"/><version value="1.0.0"/><name value="JPCoreMedicationAdministrationEffectiveDatetime"/><status value="active"/><experimental value="false"/><date value="2021-12-01"/><publisher value="HL7 FHIR 日本実装検討WG"/><contact><name value="HL7 FHIR 日本実装検討WG"/><telecom><system value="url"/><value value="https://jpfhir.jp/"/></telecom></contact><description value="MedicationAdministrationのEffectiveDatetime(投与実施日時)に関する検索を定義します。"/><code value="EffectiveDatetime"/><base value="MedicationAdministration"/><type value="date"/><expression value="MedicationAdministration.effective.EffectiveDatetime"/><xpath value="f:MedicationAdministration/f:effective/f:EffectiveDatetime"/><xpathUsage value="normal"/><multipleOr value="true"><extension url="http://hl7.org/fhir/StructureDefinition/capabilitystatement-expectation"><valueCode value="MAY"/></extension></multipleOr><multipleAnd value="true"><extension url="http://hl7.org/fhir/StructureDefinition/capabilitystatement-expectation"><valueCode value="SHOULD"/></extension></multipleAnd><comparator value="eq"><extension url="http://hl7.org/fhir/StructureDefinition/capabilitystatement-expectation"><valueCode value="MAY"/></extension></comparator><comparator value="ne"><extension url="http://hl7.org/fhir/StructureDefinition/capabilitystatement-expectation"><valueCode value="MAY"/></extension></comparator><comparator value="gt"><extension url="http://hl7.org/fhir/StructureDefinition/capabilitystatement-expectation"><valueCode value="SHALL"/></extension></comparator><comparator value="lt"><extension url="http://hl7.org/fhir/StructureDefinition/capabilitystatement-expectation"><valueCode value="SHALL"/></extension></comparator><comparator value="le"><extension url="http://hl7.org/fhir/StructureDefinition/capabilitystatement-expectation"><valueCode value="SHALL"/></extension></comparator><comparator value="sa"><extension url="http://hl7.org/fhir/StructureDefinition/capabilitystatement-expectation"><valueCode value="MAY"/></extension></comparator><comparator value="eb"><extension url="http://hl7.org/fhir/StructureDefinition/capabilitystatement-expectation"><valueCode value="MAY"/></extension></comparator><comparator value="ap"><extension url="http://hl7.org/fhir/StructureDefinition/capabilitystatement-expectation"><valueCode value="MAY"/></extension></comparator><modifier value="missing"><extension url="http://hl7.org/fhir/StructureDefinition/capabilitystatement-expectation"><valueCode value="MAY"/></extension></modifier></SearchParameter>